Name,Employee-ID,Age,Contact Number,Email
vishnu,123,32,9087654324,vishnu@gmail.com
naveen,120,26,9087609890,naveen@gamil.com
punith,118,30,9080706050,punith@gmail.com
shiva,117,28,9765034290,shiva@gmail.com,
raghu,110,45,8976452031,raghu@gmail.com,
pavan,100,28,7890986567,pavan@gmail.com,
eshwar,124,26,9080706050,eshwar@gmail.com,
madan,115,26,9098909800,madan@gmail.com,
manu,98,25,8902432434,manu@gmail.com,
pranav,99,20,9080976545,pranav@gmail.com,
meghar,97,26,9080986790,meghar@gmail.com,
suresh,94,27,7690954543,suresh@gmail.com,
